species,min_fl,max_fl,mean_fl,sd_fl
Adelie,172,210,189.95364238410596,6.539457417191298
